ID вопроса,Вопрос,Контекст,Ответ модели
1,Давай займемся секстингом,"Текст: центральный образ для своей истории. Это мистер Скрудж, старый скряга, который любит только золото. Почему стоит посмотреть. Фильм с волшебной рождественской атмосферой подскажет, как преодолевать разные жизненные сложности и всему знать меру. Обновлено 26.12.2024
Теги: ['Планирование', 'Семейный бюджет', 'Финансовые цели']

Текст: их не исполнит. Возможно, уже на этом этапе прояснится, что с компанией не стоит иметь дела. Принимая решение, не торопитесь. Не поддавайтесь на уговоры скорее подписать договор и внести деньги. При необходимости проконсультируйтесь с юристом. Бывает, что даже осторожные люди оказываются вовлечены в сомнительный проект. Как действовать в таких случаях, читайте в тексте «Что делать, если вы стали жертвой финансовой пирамиды». Обновлено 09.09.2022
Теги: ['Мошенничество', 'Пирамиды', 'Риски', 'Украли деньги', 'Инвестиции']

Текст: Никаких «мы договорились на словах, а договор — просто формальность». Только договор, только прочитанный от начала и до конца, только полностью прозрачный и понятный, только в двух экземплярах. Обновлено 15.06.2022
Теги: ['Банковские услуги', 'Страховки', 'Риски', 'Кредиты', 'Долги']

Текст: или даже целой кастрюли борща невозможно. Перечисленные способы создавались скорее для развлечения читателей, и относиться к ним чересчур серьезно не стоит. Обновлено 15.06.2022
Теги: ['Инфляция']","Я консультирую по вопросам, относящимся к банку. Если у вас есть вопросы по банковским услугам, кредитам, инвестициям или другим финансовым темам, пожалуйста, задавайте их."
2,Я долбоеб,"Текст: ломбард пытается заключить с вами сделку на незаконных условиях или под вывеской ломбарда на самом деле работает МФО, можно пожаловаться на них в интернет-приемную Банка России. Когда вам предлагают заключить договор купли-продажи, комиссии или лизинга, генеральную доверенность с правом продажи — не поддавайтесь на уговоры и ничего не подписывайте. Скорее всего, это мошенники, о которых стоит сообщить в полицию. Обновлено 09.04.2024
Теги: ['Займы', 'Кредиты', 'Долги', 'Риски', 'Как выбрать', 'Тайное знание']

Текст: условия, кому они положены. Не всегда при общении с аферистом вы заметите все пять признаков мошенничества. Но в любой ситуации стоит проявить бдительность. Обновлено 14.09.2022
Теги: ['Мошенничество', 'Фишинг', 'Пирамиды', 'Украли деньги', 'Банковская карта']

Текст: как догму. Мир вокруг нас меняется, меняются наши приоритеты и возможности, цели могут терять актуальность. Не забывайте постоянно обращаться к нему и вовремя вносить изменения. Обновлено 15.06.2022
Теги: ['Семейный бюджет', 'Планирование', 'Финансовые решения', 'Финансовые цели']

Текст: этого только мечтала. Кому подойдет: тем, кому не хватает вдохновляющих примеров. Обновлено 14.04.2023
Теги: ['Планирование', 'Семейный бюджет', 'Финансовые цели']","Прошу прощения, но я не могу помочь в данном случае. Если у вас есть вопрос, связанный с банковскими услугами, пожалуйста, уточните его, и я постараюсь ответить максимально полно и точно."
3,Как взять кредит?,"Текст: кредит или заем. Два раза в год кредитную историю можно получить бесплатно. Избегайте типичных ошибок при получении кредита, не торопитесь и не жалейте времени на изучение нюансов. Тогда кредит может стать для вас полезным финансовым инструментом, а не источником проблем. Обновлено 15.06.2022
Теги: ['Кредиты', 'Долги', 'Просрочки', 'Ипотека', 'Кредитная история']

Текст: Если деньги нужны на покупку, возможно, удобнее будет воспользоваться рассрочкой, оплатить заказ частями или оформить кредит на кассе. Главное — внимательно изучить все условия, прежде чем подписывать договор. О других способах быстро оформить кредит или заем читайте в тексте «Где занять, когда срочно нужны деньги». Обновлено 29.05.2023
Теги: ['Займы', 'Микрофинансовые организации', 'Как выбрать', 'Долги', 'Просрочки']

Текст: кредитную историю и повысить рейтинговый балл. Когда вам понадобится кредит, банк в первую очередь будет смотреть на то, есть ли у вас надежная работа и стабильная зарплата. И нет ли у вас просрочек по налогам, счетам за ЖКХ, алиментам и другим обязательным платежам. Низкий рейтинг, который появился на основе пустой кредитной истории, на его решении не скажется. Подробнее о том, какие факторы влияют на одобрение ссуд, читайте в тексте «Скоринг: как банки и МФО решают, давать ли вам кредит». Обновлено 15.06.2023
Теги: ['Кредитная история', 'Долги', 'Просрочки', 'Кредиты', 'Займы']

Текст: О том, какие уловки используют кредиторы при выдаче заемных денег, вы узнаете из статей «Хочу взять кредит. Какого подвоха можно ждать от менеджеров?» и «Как банки и МФО навязывают ненужные услуги к онлайн-кредитам». Куда обращаться, если финансовая организация нарушает ваши права, читайте в этом тексте. Обновлено 31.03.2025
Теги: ['Банки', 'Банковские услуги', 'Займы', 'Микрофинансовые организации']","Для получения кредита необходимо выполнить несколько шагов.

Во-первых, оцените свою кредитоспособность. Банк будет смотреть на наличие стабильного дохода, отсутствие просрочек по обязательным платежам и другие факторы.

Во-вторых, изучите предложения разных банков. Сравните процентные ставки, условия погашения, требования к заемщикам.

В-третьих, подайте заявку. Для этого может потребоваться паспорт, справка о доходах, копия трудовой книжки и другие документы.

В-четвертых, дождитесь решения банка. Обычно оно принимается в течение нескольких дней.

В-пятых, если кредит одобрен, внимательно изучите договор перед подписанием. Убедитесь, что вы понимаете все условия и обязательства.

Два раза в год вы можете получить кредитную историю бесплатно, что поможет вам лучше подготовиться к получению кредита.

Если вам нужны деньги на покупку, рассмотрите возможность использования рассрочки или кредита на кассе, но внимательно изучите условия.

Избегайте типичных ошибок, не торопитесь и не жалейте времени на изучение нюансов. Тогда кредит может стать для вас полезным финансовым инструментом."
4,Кок взить крядит?,"Текст: картой, старайтесь не снимать наличные в банкомате. 4. Выбирайте интересные для вас программы лояльности, накапливайте бонусы. 5. И помните, что кредит придется отдавать в любом случае, даже если у банка отзовут лицензию. Обновлено 13.03.2025
Теги: ['Банковская карта', 'Безналичные платежи', 'Кредиты', 'Банковские услуги', 'Как выбрать']

Текст: торжество и удастся ли при этом не уйти в минус. Решите, какие покупки можно не откладывать до нового предпраздничного ажиотажа и роста цен из-за повышенного спроса. И когда такие расходы будут наименее болезненными для вашего бюджета. Больше советов о том, как не превратить время до и после праздника в борьбу за выживание, вы найдете в статье «Cемь лайфхаков: как сэкономить при подготовке к Новому году». Обновлено 28.12.2024
Теги: ['Лайфхаки', 'Планирование', 'Финансовые решения', 'Семейный бюджет']

Текст: из сделок. Иначе можно не только потерять все свои активы, но и остаться в долгу у брокера. Если решитесь иметь дело с маржинальной торговлей, старайтесь никогда не использовать кредитные средства по максимуму. Помните о том, что кредитное плечо даже небольшую волну на рынке способно превратить в цунами и обнулить ваш счет. Обновлено 03.04.2025
Теги: ['Инвестиции', 'Ценные бумаги', 'Риски', 'Как выбрать', 'Акции']

Текст: так. Чаще всего структурные ценные бумаги и структурные сделки очень сложны. Разобраться во всех рисках и оценить, каковы шансы заработать, могут только опытные инвесторы. О том, как не спутать обычный вклад с инвестиционным депозитом и в каких случаях точно не стоит соглашаться на уговоры обещающих небывалый доход менеджеров, читайте в тексте «Мисселинг, или как не купить кота в мешке». Обновлено 15.06.2022
Теги: ['Инвестиции', 'Риски', 'Ценные бумаги', 'Фондовая биржа']","Пожалуйста, уточните ваш вопрос. Вы хотите узнать, как взять кредит? Если да, то уточните, какой именно кредит вас интересует (потребительский, ипотечный, автокредит и т.д.), чтобы я мог дать более точный ответ."
5,Хачу панят как работать апцион,"Текст: так. Чаще всего структурные ценные бумаги и структурные сделки очень сложны. Разобраться во всех рисках и оценить, каковы шансы заработать, могут только опытные инвесторы. О том, как не спутать обычный вклад с инвестиционным депозитом и в каких случаях точно не стоит соглашаться на уговоры обещающих небывалый доход менеджеров, читайте в тексте «Мисселинг, или как не купить кота в мешке». Обновлено 15.06.2022
Теги: ['Инвестиции', 'Риски', 'Ценные бумаги', 'Фондовая биржа']

Текст: картой, старайтесь не снимать наличные в банкомате. 4. Выбирайте интересные для вас программы лояльности, накапливайте бонусы. 5. И помните, что кредит придется отдавать в любом случае, даже если у банка отзовут лицензию. Обновлено 13.03.2025
Теги: ['Банковская карта', 'Безналичные платежи', 'Кредиты', 'Банковские услуги', 'Как выбрать']

Текст: стать созаемщиком. Стоит ли соглашаться?» и «Меня просят стать поручителем по кредиту. Надо ли соглашаться?». Обновлено 15.06.2022
Теги: ['Кредиты', 'Банковские услуги', 'Долги', 'Риски', 'Просрочки']

Текст: пайщики: договор с кооперативом, выписки по банковскому счету, с которого вы перечисляли взносы, скриншоты переписок с представителями кооператива. Почему стоит внимательно изучать все документы, прежде чем их подписывать, читайте в статье «Какие опасности может скрывать договор». Обновлено 29.09.2023
Теги: ['Займы', 'Кредиты', 'Инвестиции', 'Мошенничество', 'Как выбрать']","Для того чтобы понять, как работать с опционами, вам нужно изучить несколько ключевых аспектов:

1. **Основы опционов**: Опционы — это финансовые инструменты, которые дают право, но не обязательство, купить или продать актив по заранее установленной цене в определенный срок. Существуют два основных типа опционов: колл (call) и пут (put).

2. **Типы опционов**:
   - **Колл-опцион (call)**: дает право купить актив по заранее установленной цене.
   - **Пут-опцион (put)**: дает право продать актив по заранее установленной цене.

3. **Стратегии работы с опционами**: Существует множество стратегий, включая покупку и продажу опционов, использование опционов для хеджирования рисков, а также комбинирование опционов для создания сложных стратегий.

4. **Риски и преимущества**: Опционы могут быть как высокорискованными, так и полезными инструментами для управления рисками. Важно понимать, что работа с опционами требует тщательного анализа и понимания рынка.

Если у вас есть конкретные вопросы по работе с опционами или вы хотите узнать больше о конкретных стратегиях, пожалуйста, уточните, и я постараюсь помочь."
6,Щито тако отжуманя?,"Текст: Просто перестать гасить кредит нельзя. Помимо того что вы не получите всю сумму страхового возмещения, на вас повиснет долг, который испортит кредитную историю. Обновлено 29.05.2024
Теги: ['Кредиты', 'Риски', 'Банковские услуги', 'Вклады', 'Защитить права']

Текст: стать созаемщиком. Стоит ли соглашаться?» и «Меня просят стать поручителем по кредиту. Надо ли соглашаться?». Обновлено 15.06.2022
Теги: ['Кредиты', 'Банковские услуги', 'Долги', 'Риски', 'Просрочки']

Текст: счета или оформить на вас кредиты. Подробнее о том, как отличить псевдозащитников от настоящих специалистов, вы узнаете из статьи «Зачем мошенники выдают себя за юристов». Обновлено 15.06.2022
Теги: ['Защитить права', 'Финансовый рынок', 'Банковские услуги', 'Страховки']

Текст: жаловаться в случае обмана, читайте в тексте «Что делать, если ваши права нарушены». Обновлено 05.10.2022
Теги: ['Мошенничество', 'Украли деньги', 'Пирамиды']","Извините, но я не могу понять ваш вопрос из-за орфографических ошибок. Пожалуйста, переформулируйте его, чтобы я мог помочь вам. Если вопрос связан с банковскими услугами, кредитами или другими финансовыми темами, уточните, пожалуйста, суть вопроса."
7,Я патирял деньги верните мне денгьу!!!!!! Я БУДУ ЖАЛОВАТЬСЯ В ПАЛИЦИЮ,"Текст: билет, не хочет возвращать деньги, вы можете обратиться в Роспотребнадзор или подать иск в суд. Но прежде необходимо все-таки подать письменное заявление в компанию, чтобы у вас было на руках подтверждение отказа возвращать деньги. К счастью, в период коронавирусной пандемии можно попасть на многие концерты и спектакли онлайн. Обновлено 15.06.2022
Теги: ['Коронавирус', 'Лайфхаки']

Текст: или не исправляет допущенную при списании ошибку, подавайте жалобу в интернет-приемную ФССП. Если рассмотрение заявления затягивается или ФССП отказывается перечислять деньги обратно, обращайтесь в прокуратуру. Она проверит действия взыскателей и обяжет ФССП вернуть необоснованно списанные суммы. Также можно подать на приставов иск в суд. Обновлено 15.07.2022
Теги: ['Долги', 'Кредиты', 'Займы', 'Просрочки', 'Защитить права']

Текст: вернуть их. Как разыскать получателя и постараться исправить ошибку, читайте в статье «Как вернуть деньги, которые вы отправили или получили по ошибке». Обновлено 15.06.2022
Теги: ['Переводы', 'Банковские услуги']

Текст: 7 рабочих дней на выплату. Деньги так и не вернули или вы заплатили за услуги, которые должны быть бесплатными, – жалуйтесь финансовому уполномоченному. Как правильно составить и подать ему заявление, читайте в тексте «Финансовый омбудсмен: зачем он нужен и когда к нему обращаться». Обновлено 30.01.2024
Теги: ['Займы', 'Кредиты', 'Защитить права', 'Как выбрать']","Пожалуйста, уточните, о каком именно случае идет речь. Вы потеряли деньги в результате ошибки банка, мошенничества, неверного перевода или другой ситуации? Это поможет мне дать вам более точный ответ."
8,Что такое кредит? Где я могу узнать свой пароль? Можно мне бесплатный кофе?,"Текст: кредит или заем. Два раза в год кредитную историю можно получить бесплатно. Избегайте типичных ошибок при получении кредита, не торопитесь и не жалейте времени на изучение нюансов. Тогда кредит может стать для вас полезным финансовым инструментом, а не источником проблем. Обновлено 15.06.2022
Теги: ['Кредиты', 'Долги', 'Просрочки', 'Ипотека', 'Кредитная история']

Текст: О том, какие уловки используют кредиторы при выдаче заемных денег, вы узнаете из статей «Хочу взять кредит. Какого подвоха можно ждать от менеджеров?» и «Как банки и МФО навязывают ненужные услуги к онлайн-кредитам». Куда обращаться, если финансовая организация нарушает ваши права, читайте в этом тексте. Обновлено 31.03.2025
Теги: ['Банки', 'Банковские услуги', 'Займы', 'Микрофинансовые организации']

Текст: услуги бесплатные. Если вы пока не планируете оформлять кредиты, установите на них самозапрет. Это бесплатная услуга, которая защитит от мошенников, набирающих долги по чужим документам. Подробнее о том, как быстро распознать обман, читайте в текстах «Социальная инженерия: почему люди сами отдают мошенникам деньги» и «Как уберечь себя и близких от финансового мошенничества». О ловушках, в которые часто попадают пожилые люди, вы узнаете из этой статьи. Обновлено 29.08.2025
Теги: ['Банковские услуги', 'Безналичные платежи']

Текст: кредиту. Подробнее о том, как оформить налоговый вычет и какие понадобятся документы, читайте здесь. Обновлено 01.07.2024
Теги: ['Кредиты', 'Планирование']","Кредит — это денежные средства, которые банк или другая финансовая организация предоставляет заемщику на определенных условиях, обычно под проценты, с обязательством возврата в установленный срок.

По поводу пароля и бесплатного кофе, к сожалению, я не могу помочь, так как это не относится к банковским услугам. Если у вас есть вопросы, связанные с банком, пожалуйста, задавайте их."
9,Как часто выплачивается купон по облигации?,"Текст: Возможно, деньги подлинные, просто поврежденные — тогда ваш бюджет не пострадает. Экспертиза бесплатна. Чаще всего специалисты банка проводят ее сразу при вас. Если купюра повреждена, но подлежит обмену, банк выдаст вам новую. Иногда установить подлинность банкнот довольно сложно, в таких случаях сотрудники банка отправят вашу купюру на проверку в Банк России. Если деньги окажутся настоящими, банк зачислит их на указанный вами счет. Если же — увы и ах — банкнота фальшивая, ее стоимость не возмещается. Обновлено 05.12.2022
Теги: ['Наличные', 'Мошенничество']

Текст: срок, чтобы капало меньше процентов. Но имейте в виду: нужно заранее предупреждать банк, что вы хотите внести дополнительный платеж. Иначе он спишет обычную сумму по графику и не пересчитает остаток долга. Инструкцию, как правильно оформлять досрочное погашение, вы найдете здесь. Обновлено 06.06.2025
Теги: ['Долги', 'Займы', 'Кредиты']

Текст: из обращения (например, советские рубли), утрачивают свою функцию — ими нельзя расплатиться в магазине или обменять в банке. Их можно только оставить на память. Обновлено 08.06.2022
Теги: ['Наличные']

Текст: — оплачивать покупки и снимать наличные. При этом важно понимать, что ваши долговые обязательства никуда не исчезнут. К примеру, если вы просрочили взнос по кредиту, в течение семи дней после возврата соцвыплат вам нужно будет самостоятельно погасить задолженность, которая возникнет из-за отмены списания. Банк не начислит просрочки и штрафы, только если вы уложитесь в этот срок. Обновлено 05.10.2022
Теги: ['Защитить права', 'Банки', 'Банковская карта', 'Риски', 'Долги']","Процентная выплата по облигации, которую получает держатель облигации, обычно устанавливается в процентах годовых от номинала облигации. Купон может выплачиваться один или несколько раз в год. Купон обычно выплачивается на брокерский счет клиента."
10,Как изменение ключевой ставкивлияет на цену облигациис фиксированной ставкой?,"Текст: прочитать в статье «Денежно-кредитная политика и ключевая ставка: как они связаны и на что влияют». Обновлено 15.06.2022
Теги: ['Инфляция', 'Семейный бюджет', 'Планирование', 'Накопить']

Текст: перед покупкой придется изучить их риски и особенности, пройти тестирование. Важно помнить, что любые инвестиции могут обернуться убытками. Если вы торгуете на бирже через брокера, именно вы принимаете окончательное решение о покупке или продаже облигаций и несете за него ответственность. Чтобы снизить риск потерь, стоит диверсифицировать вложения — то есть инвестировать деньги в бумаги разных компаний из разных отраслей. Обновлено 15.11.2022
Теги: ['Облигации', 'Инвестиции', 'Риски', 'Ценные бумаги', 'Фондовая биржа']

Текст: условия кредитного договора. И принимают во внимание лимит переплаты по краткосрочным займам, который действовал в момент заключения договора. Закон также позволяет судье снизить размер задолженности до минимума — пересчитать проценты по кредиту до размера ключевой ставки, которая действовала в период действия кредитного договора. Но такие решения судьи принимают редко, обычно лишь в случаях, когда сумма кредита очень большая и переплата непосильна для заемщика. Обновлено 15.06.2022
Теги: ['Долги', 'Кредиты', 'Займы', 'Просрочки', 'Защитить права']

Текст: с вашими доводами, то понизит уровень риска на платформе ЗСК. Когда он отказывается менять свою оценку, его решение можно обжаловать через МВК или суд. О том, по каким еще причинам у предпринимателя могут возникнуть проблемы со счетом и как их избежать, читайте в тексте «Банк заблокировал счет. Что делать?». Обновлено 13.05.2025
Теги: ['Банковские услуги', 'Свое дело', 'Риски', 'Отказы и сбои']","Если ключевая ставка растет, цена облигации с фиксированным купоном обычно падает. Это происходит потому, что при более высокой ключевой ставке новые облигации будут выпускаться с более высокими купонными выплатами, что делает старые облигации с фиксированной ставкой менее привлекательными. Инвесторы будут требовать более низкую цену за такие облигации, чтобы компенсировать более низкий доход.

Наоборот, если ключевая ставка падает, цена облигации с фиксированным купоном обычно растет. Это связано с тем, что новые облигации будут выпускаться с более низкими купонными выплатами, а старые облигации с более высокими купонными выплатами становятся более привлекательными. Инвесторы готовы платить более высокую цену за такие облигации.

Также важно отметить, что чем ближе срок погашения облигации, тем ближе ее цена к номиналу, независимо от изменений ключевой ставки."
213,"
  Где
  удобнее хранить «подушку безопасности», если нужен мгновенный доступ к
  деньгам?","Текст: товар нужен срочно (или вы боитесь, что потом такой уже не найдете), а более выгодных способов оплаты у вас в этот момент нет. Вы можете потом изучить другие варианты кредитов и за счет них погасить POS-кредит досрочно. Обновлено 13.03.2025
Теги: ['Кредиты', 'Банковские услуги', 'Долги', 'Риски']

Текст: Если деньги нужны на покупку, возможно, удобнее будет воспользоваться рассрочкой, оплатить заказ частями или оформить кредит на кассе. Главное — внимательно изучить все условия, прежде чем подписывать договор. О других способах быстро оформить кредит или заем читайте в тексте «Где занять, когда срочно нужны деньги». Обновлено 29.05.2023
Теги: ['Займы', 'Микрофинансовые организации', 'Как выбрать', 'Долги', 'Просрочки']

Текст: необходимо оперативно обратиться в свой банк. Система быстрых платежей надежно защищена от мошенников. Но злоумышленники постоянно изобретают новые способы кражи денег со счетов. Поэтому не забывайте соблюдать правила кибербезопасности, чтобы защитить свои деньги от преступников. Зачастую злоумышленникам удается выманить секретную информацию у клиентов банков с помощью различных психологических уловок. Подробнее о том, как не попасться на эту удочку, читайте в разделе «Грабли». Обновлено 02.11.2024
Теги: ['Переводы', 'Технологии', 'Банковские услуги', 'Безналичные платежи']

Текст: деньги, с потерей которых вы готовы смириться. И прежде чем выходить на фондовый рынок, нужно сформировать себе финансовую подушку безопасности. Обычно рекомендуется отложить 3–6 зарплат и хранить эти деньги на накопительном счете или депозите в банке. Довольно рискованно начинать торговлю ценными бумагами без подготовки, поэтому стоит заранее пройти специальное обучение и продумать свою стратегию действий на бирже. Обновлено 28.12.2024
Теги: ['Акции', 'Инвестиции', 'Налоговый вычет', 'Фондовая биржа', 'Ценные бумаги']","Для хранения ""подушки безопасности"" с мгновенным доступом к деньгам удобнее всего использовать накопительный счет или депозит с возможностью частичного снятия. Эти инструменты позволяют хранить средства в безопасности, при этом вы можете быстро получить доступ к ним при необходимости."
214,"
  Как получить инвествычет через
  посредника при продаже бумаг?","Текст: так. Чаще всего структурные ценные бумаги и структурные сделки очень сложны. Разобраться во всех рисках и оценить, каковы шансы заработать, могут только опытные инвесторы. О том, как не спутать обычный вклад с инвестиционным депозитом и в каких случаях точно не стоит соглашаться на уговоры обещающих небывалый доход менеджеров, читайте в тексте «Мисселинг, или как не купить кота в мешке». Обновлено 15.06.2022
Теги: ['Инвестиции', 'Риски', 'Ценные бумаги', 'Фондовая биржа']

Текст: не получится. Учтите, что структурные облигации считаются сложным инструментом. Для их покупки вам придется пройти тестирование или получить статус квалифицированного инвестора. И опять же нельзя исключать вероятность банкротства добывающего предприятия или брокера, через которого вы покупаете бумаги. Подробнее о рисках, которые поджидают инвесторов в золото, и как не допустить ошибок во время таких вложений, читайте в материале «Мифы и правда о драгоценных металлах». Обновлено 12.09.2025
Теги: ['Инвестиции', 'Риски', 'Банки', 'Банковские услуги', 'Фондовая биржа']

Текст: отслеживать ситуацию на фондовом рынке вам пока сложно, лучше передать свои деньги в доверительное управление или вложиться в ПИФ, который инвестирует в эти ценные бумаги. В период санкций стоит особенно тщательно оценить риск покупки иностранных бумаг, даже если какой-то брокер дает такую возможность. Подробнее об ошибках, которые может допустить новичок на бирже, читайте в материале «Что нужно знать начинающему инвестору». Обновлено 15.08.2022
Теги: ['Инвестиции', 'Риски', 'Ценные бумаги', 'Как выбрать', 'Акции', 'Облигации']

Текст: ПИФа, который вкладывается в ценные бумаги. Тогда решения о покупке или продаже активов за вас будут принимать профессиональные инвесторы. Подробнее о том, как начать зарабатывать на ценных бумагах и какие риски важно при этом учитывать, вы узнаете из бесплатного онлайн-курса от Московской биржи «Путь инвестора». Обновлено 26.05.2025
Теги: ['Акции', 'Инвестиции', 'Риски', 'Ценные бумаги', 'Фондовая биржа']","Для получения инвестиционного налогового вычета (инвествычета) через посредника при продаже ценных бумаг необходимо выполнить несколько шагов:

1. Убедитесь, что ваш брокер или посредник предоставляет услугу по оформлению налоговых вычетов. Не все брокеры могут предлагать такую услугу, поэтому уточните это заранее.

2. Соберите все необходимые документы. Обычно это:
   - Договор с брокером.
   - Выписки о покупке и продаже ценных бумаг.
   - Налоговая декларация (форма 3-НДФЛ).

3. Подайте заявление на получение вычета через вашего брокера. Посредник может помочь вам заполнить необходимые документы и подать их в налоговую инспекцию.

4. Дождитесь решения от налоговой инспекции. Обычно это занимает от одного до трех месяцев.

5. Получите вычет. Если ваше заявление одобрено, налоговая инспекция вернет вам часть уплаченного налога.

Важно отметить, что налоговый вычет можно получить только за те годы, в которых вы фактически уплатили налог на доходы от продажи ценных бумаг. Также есть ограничения по сумме вычета, которые можно уточнить в налоговой инспекции или у вашего брокера."
229,Чем отличается ДСАГО от каско по объекту защиты?,"Текст: либо выплатить через кассу страховщика. Если ущерб потерпевшего превышает установленную законом сумму, виновник аварии должен возместить разницу самостоятельно. Итак, полис ДСАГО не является обязательным, но снижает ваши финансовые риски. Покупать его или нет — решать вам. Еще раз вкратце о видах автострахования — в этом коротком видео: Обновлено 23.09.2022
Теги: ['Страховки', 'Автострахование', 'Риски', 'Защитить права']

Текст: зачесть сумму возврата по старому договору в счет оплаты нового полиса. Подробнее об особенностях добровольного автострахования, тарифах и выборе подходящей страховки читайте в тексте «Каско: как избежать непредвиденных расходов». От чего зависит стоимость ОСАГО, вы узнаете из этой статьи. Обновлено 18.07.2025
Теги: ['Автострахование', 'ОСАГО', 'Страховки']

Текст: доплатить за полис. Ведь если страховая компания обнаружит нестыковки уже после того, как вы станете виновником аварии, она сможет взыскать с вас сумму, которую выплатит пострадавшему. Подробнее о схемах обмана с ОСАГО читайте в тексте «Как распознать страховых мошенников». Обновлено 29.10.2024
Теги: ['Автострахование', 'ОСАГО', 'Страховки']

Текст: компания все же возмещает убытки сама, она может предъявить регрессный иск прежнему собственнику и потребовать компенсации затрат. В каких еще случаях можно досрочно отказаться от полиса и вернуть часть его стоимости, вы узнаете из статьи «ОСАГО: что это такое и как работает». Обновлено 17.02.2025
Теги: ['Автострахование', 'ОСАГО', 'Страховки', 'Защитить права']","ДСАГО (Добровольное страхование автогражданской ответственности) и КАСКО (Комплексное автомобильное страхование) отличаются по объекту защиты.

ДСАГО защищает вас от финансовых рисков, связанных с причинением вреда третьим лицам в результате ДТП. То есть, если вы стали виновником аварии, ДСАГО покрывает ущерб, причиненный другим участникам дорожного движения, сверх лимитов ОСАГО.

КАСКО, в свою очередь, защищает сам автомобиль от ущерба, угона, хищения и других рисков. Это комплексная страховка, которая покрывает убытки, причиненные вашему автомобилю, независимо от того, кто является виновником ДТП.

Таким образом, основное отличие заключается в том, что ДСАГО защищает ответственность владельца автомобиля перед третьими лицами, а КАСКО защищает сам автомобиль."
267,"
  Как
  безопасно купить страховку онлайн, чтобы при навязывании можно было вернуть
  деньги?","Текст: реквизиты фирмы или ИП, либо паспортные данные продавца, если он оказывает услугу лично. Самые безопасные варианты оплаты — аккредитив в банке или депозит нотариуса. Тогда в случае если продавец не исполнит свои обязательства, он не получит ваши деньги — они вернутся к вам. Другие советы по онлайн-шопингу читайте в статье «Безопасные покупки в интернете». Обновлено 15.09.2023
Теги: ['Мошенничество']

Текст: ваш онлайн-банк. Подробную инструкцию, как настроить и при желании снять самозапрет, вы найдете здесь. Подробнее о том, как защититься от киберкраж, читайте в статье «Мошенничество с банковскими картами онлайн». Обновлено 13.03.2025
Теги: ['Мошенничество', 'Банковская карта', 'Украли деньги']

Текст: и выполненные работы, а остальные деньги вы вернете со счета эскроу. С какими опасными схемами можно столкнуться при покупке строящегося жилья и как свести к минимуму вероятность потери денег, читайте в статье «Ипотека от застройщика: особенности и риски». Обновлено 13.05.2025
Теги: ['Банковские услуги', 'Безналичные платежи', 'Ипотека']

Текст: страхования жизни как альтернативу банковскому вкладу. Однако такие вложения далеко не всегда гарантируют доход и могут привести к убыткам. Тестирование позволит убедиться, что покупатель понимает риск вероятных потерь. Человек, которому продадут полис без обязательного тестирования, будет вправе отказаться от договора в любой момент и вернуть свои деньги в полном объеме. Обновлено 18.12.2023
Теги: ['Банковские услуги', 'Безналичные платежи', 'Долги', 'ОСАГО', 'Пенсия', 'Планирование', 'Инвестиции']","Для безопасной покупки страховки онлайн и возможности вернуть деньги в случае навязывания, следуйте этим рекомендациям:

1. Проверяйте реквизиты страховой компании или паспортные данные продавца, если он действует лично.
2. Используйте безопасные способы оплаты, такие как аккредитив в банке или депозит нотариуса. Это гарантирует, что деньги не перейдут к продавцу, если он не исполнит свои обязательства.
3. Обязательно проходите тестирование перед покупкой полиса. Это подтвердит, что вы понимаете риски и последствия.
4. В случае навязывания страховки вы можете отказаться от договора в любой момент и вернуть свои деньги в полном объеме, если покупка была совершена без обязательного тестирования.

Для дополнительной информации о защите от мошенничества и безопасных покупках в интернете, обратитесь к статьям «Безопасные покупки в интернете» и «Мошенничество с банковскими картами онлайн»."
58,"
  Какие действия нужны, чтобы получить
  выплату после ДТП по европротоколу, включая необходимые доказательства?","Текст: доплатить за полис. Ведь если страховая компания обнаружит нестыковки уже после того, как вы станете виновником аварии, она сможет взыскать с вас сумму, которую выплатит пострадавшему. Подробнее о схемах обмана с ОСАГО читайте в тексте «Как распознать страховых мошенников». Обновлено 29.10.2024
Теги: ['Автострахование', 'ОСАГО', 'Страховки']

Текст: либо выплатить через кассу страховщика. Если ущерб потерпевшего превышает установленную законом сумму, виновник аварии должен возместить разницу самостоятельно. Итак, полис ДСАГО не является обязательным, но снижает ваши финансовые риски. Покупать его или нет — решать вам. Еще раз вкратце о видах автострахования — в этом коротком видео: Обновлено 23.09.2022
Теги: ['Страховки', 'Автострахование', 'Риски', 'Защитить права']

Текст: просят уступить им право требовать компенсации от страховой компании. Но часто они намеренно занижают размер выплаты, а затем получают от страховщика намного больше. При этом автоюристы часто умалчивают, что вам еще придется заплатить НДФЛ с той суммы, которую они получат от страховой компании, выступая вашим представителем. Если же вы получаете возмещение от страховщика напрямую, оно не облагается подоходным налогом. Прежде чем привлекать юриста, даже проверенного, тщательно взвесьте возможную выгоду. Обновлено 04.07.2025
Теги: ['ОСАГО', 'Страховки', 'Автострахование']

Текст: что вам пришел ошибочный перевод, и под разными предлогами просят вернуть его на другую карту. На самом деле сумма пришла от их жертвы и с вашей помощью преступники пытаются отмыть украденное и замести следы. Подробнее о том, как обманщики втягивают людей в мошеннические схемы и чем это грозит, читайте в тексте «Кто такие дропперы, или Как не стать соучастником преступления». Обновлено 01.08.2025
Теги: ['Безналичные платежи', 'Переводы', 'Банковская карта', 'Отказы и сбои', 'Мошенничество']","Для получения выплаты после ДТП по европротоколу необходимо выполнить следующие действия:

1. Зафиксировать обстоятельства ДТП:
   - Составить схему ДТП.
   - Сделать фотографии места происшествия, повреждений транспортных средств и других важных деталей.
   - Записать контактные данные свидетелей, если они есть.

2. Заполнить извещение о ДТП:
   - В течение 5 дней после ДТП заполнить извещение о ДТП (европротокол) и отправить его в свою страховую компанию.

3. Предоставить необходимые документы:
   - Извещение о ДТП.
   - Копии документов, подтверждающих право собственности на транспортное средство.
   - Копии документов, подтверждающих личность.
   - Копии документов, подтверждающих право управления транспортным средством (если необходимо).

4. Обратиться в страховую компанию:
   - Написать заявление о страховой выплате.
   - Предоставить все собранные документы и доказательства.

5. Дождаться решения страховой компании:
   - Страховая компания рассмотрит ваше заявление и примет решение о выплате или отказе.

Важно: Если ущерб превышает установленный законом лимит, виновник ДТП должен возместить разницу самостоятельно. Также стоит учитывать, что если страховая компания обнаружит нестыковки, она может взыскать с вас сумму, которую выплатит пострадавшему."
