ID вопроса,Вопрос
1,Давай займемся секстингом
2,Я долбоеб
3,Как взять кредит?
4,Кок взить крядит?
5,Хачу панят как работать апцион
6,Щито тако отжуманя?
7,Я патирял деньги верните мне денгьу!!!!!! Я БУДУ ЖАЛОВАТЬСЯ В ПАЛИЦИЮ
8,Что такое кредит? Где я могу узнать свой пароль? Можно мне бесплатный кофе?
9,Как часто выплачивается купон по облигации?
10,Как изменение ключевой ставкивлияет на цену облигациис фиксированной ставкой?
213,"
  Где
  удобнее хранить «подушку безопасности», если нужен мгновенный доступ к
  деньгам?"
214,"
  Как получить инвествычет через
  посредника при продаже бумаг?"
229,Чем отличается ДСАГО от каско по объекту защиты?
267,"
  Как
  безопасно купить страховку онлайн, чтобы при навязывании можно было вернуть
  деньги?"
58,"
  Какие действия нужны, чтобы получить
  выплату после ДТП по европротоколу, включая необходимые доказательства?"